DateTime,Waterford,Galway,Donegal,Tipperary,Cork,Limerick,Longford,Roscommon,Kerry,Wexford,Clare,Kilkenny,Mayo,Cavan,Kildare,Meath,Westmeath,Wicklow,Laois,Sligo,Dublin,Offaly,Louth,Carlow,Leitrim,Monaghan
2017-11-25 00:11:01,1016,1017,1014.5,1012.06,1023.17,1016,1013.2,1014.82,1017,1014,1017,1012.79,1017.5,1011.82,1013,1013,1014.98,1013,1012.79,1014.82,1013,1014,1013,1013,1013.2,1011.82
2017-11-25 00:12:15,1016,1017,1014.5,1012.06,1023.17,1016,1013.2,1014.82,1017,1014,1017,1012.79,1017.5,1011.82,1013,1013,1014.98,1013,1012.79,1014.82,1013,1014,1013,1013,1013.2,1011.82
2017-11-25 00:13:27,1016,1017,1014.5,1012.06,1023.17,1016,1013.2,1014.82,1017,1014,1017,1012.79,1017.5,1011.82,1013,1013,1014.98,1013,1012.79,1014.82,1013,1014,1013,1013,1013.2,1011.82
2017-11-25 00:14:39,1016,1017,1014.5,1012.06,1023.17,1016,1013.2,1014.82,1017,1014,1017,1012.79,1017.5,1011.82,1013,1013,1014.98,1013,1012.79,1014.82,1013,1014,1013,1013,1013.2,1011.82
2017-11-25 00:16:01,1016,1017,1014.5,1012.06,1023.17,1016,1013.2,1014.82,1017,1014,1017,1012.79,1017.5,1011.82,1013,1013,1014.98,1013,1012.79,1014.82,1013,1014,1013,1013,1013.2,1011.82
2017-11-25 00:17:17,1016,1017,1014.5,1012.06,1023.17,1016,1013.2,1014.82,1017,1014,1017,1012.79,1017.5,1011.82,1013,1013,1014.98,1013,1012.79,1014.82,1013,1014,1013,1013,1013.2,1011.82
2017-11-25 00:18:41,1016,1017,1014.5,1012.06,1023.17,1016,1013.2,1014.82,1017,1014,1017,1012.79,1017.5,1011.82,1013,1013,1014.98,1013,1012.79,1014.82,1013,1014,1013,1013,1013.2,1011.82
2017-11-25 00:19:52,1016,1017,1014.5,1012.06,1023.17,1016,1013.2,1014.82,1017,1014,1017,1012.79,1017.5,1011.82,1013,1013,1014.98,1013,1012.79,1014.82,1013,1014,1013,1013,1013.2,1011.82
2017-11-25 00:21:05,1016,1017,1014.5,1012.06,1023.17,1016,1013.2,1014.82,1017,1014,1017,1012.79,1017.5,1011.82,1013,1013,1014.98,1013,1012.79,1014.82,1013,1014,1013,1013,1013.2,1011.82
2017-11-25 00:22:16,1016,1017,1014.5,1012.06,1023.17,1016,1013.2,1014.82,1017,1014,1017,1012.79,1017.5,1011.82,1013,1013,1014.98,1013,1012.79,1014.82,1013,1014,1013,1013,1013.2,1011.82
2017-11-25 00:23:42,1016,1017,1014.5,1012.06,1023.17,1016,1013.2,1014.82,1017,1014,1017,1012.79,1017.5,1011.82,1013,1013,1014.98,1013,1012.79,1014.82,1013,1014,1013,1013,1013.2,1011.82
2017-11-25 00:25:01,1016,1017,1014.5,1012.06,1023.17,1016,1013.2,1014.82,1017,1014,1017,1012.79,1017.5,1011.82,1013,1013,1014.98,1013,1012.79,1014.82,1013,1014,1013,1013,1013.2,1011.82
2017-11-25 00:26:15,1016,1017,1014.5,1012.06,1023.17,1016,1013.2,1014.82,1017,1014,1017,1012.79,1017.5,1011.82,1013,1013,1014.98,1013,1012.79,1014.82,1013,1014,1013,1013,1013.2,1011.82
2017-11-25 00:27:28,1016,1017,1014.5,1012.06,1023.17,1016,1013.2,1014.82,1017,1014,1017,1012.79,1017.5,1011.82,1013,1013,1014.98,1013,1012.79,1014.82,1013,1014,1013,1013,1013.2,1011.82
2017-11-25 00:28:43,1016,1017,1014.5,1012.06,1023.17,1016,1013.2,1014.82,1017,1014,1017,1012.79,1017.5,1011.82,1013,1013,1014.98,1013,1012.79,1014.82,1013,1014,1013,1013,1013.2,1011.82
2017-11-25 00:29:59,1016,1017,1014.5,1012.06,1023.17,1016,1013.2,1014.82,1017,1014,1017,1012.79,1017.5,1011.82,1013,1013,1014.98,1013,1012.79,1014.82,1013,1014,1013,1013,1013.2,1011.82
2017-11-25 00:31:19,1016,1017,1014.5,1012.06,1023.17,1016,1013.2,1014.82,1017,1014,1017,1012.79,1017.5,1011.82,1013,1013,1014.98,1013,1012.79,1014.82,1013,1014,1013,1013,1013.2,1011.82
2017-11-25 00:32:30,1016,1017,1014.5,1012.06,1023.17,1016,1013.2,1014.82,1017,1014,1017,1012.79,1017.5,1011.82,1013,1013,1014.98,1013,1012.79,1014.82,1013,1014,1013,1013,1013.2,1011.82
2017-11-25 00:33:44,1016,1017,1014.5,1012.06,1023.17,1016,1013.2,1014.82,1017,1014,1017,1012.79,1017.5,1011.82,1013,1013,1014.98,1013,1012.79,1014.82,1013,1014,1013,1013,1013.2,1011.82
2017-11-25 00:34:56,1016,1017,1014.5,1012.06,1023.17,1016,1013.2,1014.82,1017,1014,1017,1012.79,1017.5,1011.82,1013,1013,1014.98,1013,1012.79,1014.82,1013,1014,1013,1013,1013.2,1011.82
2017-11-25 00:36:18,1016,1017,1014.5,1012.06,1023.17,1016,1013.2,1014.82,1017,1014,1017,1012.79,1017.5,1011.82,1013,1013,1014.98,1013,1012.79,1014.82,1013,1014,1013,1013,1013.2,1011.82
2017-11-25 00:37:33,1016,1017,1014.5,1012.06,1023.17,1016,1013.2,1014.82,1017,1014,1017,1012.79,1017.5,1011.82,1013,1013,1014.98,1013,1012.79,1014.82,1013,1014,1013,1013,1013.2,1011.82
2017-11-25 00:38:49,1016,1017,1014.5,1012.06,1023.17,1016,1013.2,1014.82,1017,1014,1017,1012.79,1017.5,1011.82,1013,1013,1014.98,1013,1012.79,1014.82,1013,1014,1013,1013,1013.2,1011.82
2017-11-25 00:40:06,1016,1017,1014.5,1012.06,1023.17,1016,1013.2,1014.82,1017,1014,1017,1012.79,1017.5,1011.82,1013,1013,1014.98,1013,1012.79,1014.82,1013,1014,1013,1013,1013.2,1011.82
2017-11-25 00:41:26,1017,1017,1014.5,1012.06,1023.17,1017,1013.2,1014.82,1017,1014,1017,1012.79,1017.5,1011.82,1014,1014,1014.98,1014,1012.79,1014.82,1014,1014,1014,1014,1013.2,1011.82
2017-11-25 00:42:42,1017,1017,1014.5,1012.06,1023.17,1017,1013.2,1014.82,1017,1014,1017,1012.79,1017.5,1011.82,1014,1014,1014.98,1014,1012.79,1014.82,1014,1014,1014,1014,1013.2,1011.82
2017-11-25 00:43:57,1017,1017,1014.5,1012.06,1023.17,1017,1013.2,1014.82,1017,1014,1017,1012.79,1017.5,1011.82,1014,1014,1014.98,1014,1012.79,1014.82,1014,1014,1014,1014,1013.2,1011.82
2017-11-25 00:45:14,1017,1017,1014.5,1012.06,1023.17,1017,1013.2,1014.82,1017,1014,1017,1012.79,1017.5,1011.82,1014,1014,1014.98,1014,1012.79,1014.82,1014,1014,1014,1014,1013.2,1011.82
2017-11-25 00:46:31,1017,1017,1014.5,1012.06,1023.17,1017,1013.2,1014.82,1017,1014,1017,1012.79,1017.5,1011.82,1014,1014,1014.98,1014,1012.79,1014.82,1014,1014,1014,1014,1013.2,1011.82
2017-11-25 00:47:42,1017,1017,1014.5,1012.06,1023.17,1017,1013.2,1014.82,1017,1014,1017,1012.79,1017.5,1011.82,1014,1014,1014.98,1014,1012.79,1014.82,1014,1014,1014,1014,1013.2,1011.82
2017-11-25 00:48:54,1017,1017,1014.5,1012.06,1023.17,1017,1013.2,1014.82,1017,1014,1017,1012.79,1017.5,1011.82,1014,1014,1014.98,1014,1012.79,1014.82,1014,1014,1014,1014,1013.2,1011.82
2017-11-25 00:50:10,1017,1017,1014.5,1012.06,1023.17,1017,1013.2,1014.82,1017,1014,1017,1012.79,1017.5,1011.82,1014,1014,1014.98,1014,1012.79,1014.82,1014,1014,1014,1014,1013.2,1011.82
2017-11-25 00:51:24,1017,1017,1014.5,1012.06,1023.17,1017,1013.2,1014.82,1017,1014,1017,1012.79,1017.5,1011.82,1014,1014,1014.98,1014,1012.79,1014.82,1014,1014,1014,1014,1013.2,1011.82
2017-11-25 00:52:37,1017,1017,1014.5,1012.06,1023.17,1017,1013.2,1014.82,1017,1014,1017,1012.79,1017.5,1011.82,1014,1014,1014.98,1014,1012.79,1014.82,1014,1014,1014,1014,1013.2,1011.82
2017-11-25 00:53:49,1017,1017,1014.5,1012.06,1023.17,1017,1013.2,1014.82,1017,1014,1017,1012.79,1017.5,1011.82,1014,1014,1014.98,1014,1012.79,1014.82,1014,1014,1014,1014,1013.2,1011.82
2017-11-25 00:55:01,1017,1017,1014.5,1012.06,1023.17,1017,1013.2,1014.82,1017,1014,1017,1012.79,1017.5,1011.82,1014,1014,1014.98,1014,1012.79,1014.82,1014,1014,1014,1014,1013.2,1011.82
2017-11-25 00:56:21,1017,1017,1014.5,1012.06,1023.17,1017,1013.2,1014.82,1017,1014,1017,1012.79,1017.5,1011.82,1014,1014,1014.98,1014,1012.79,1014.82,1014,1014,1014,1014,1013.2,1011.82
2017-11-25 00:57:34,1017,1017,1014.5,1012.06,1023.17,1017,1013.2,1014.82,1017,1014,1017,1012.79,1017.5,1011.82,1014,1014,1014.98,1014,1012.79,1014.82,1014,1014,1014,1014,1013.2,1011.82
2017-11-25 00:58:48,1017,1017,1014.5,1012.06,1023.17,1017,1013.2,1014.82,1017,1014,1017,1012.79,1017.5,1011.82,1014,1014,1014.98,1014,1012.79,1014.82,1014,1014,1014,1014,1013.2,1011.82
2017-11-25 01:00:08,1017,1017,1014.5,1012.06,1023.17,1017,1013.2,1014.82,1017,1014,1017,1012.79,1017.5,1011.82,1014,1014,1014.98,1014,1012.79,1014.82,1014,1014,1014,1014,1013.2,1011.82
2017-11-25 01:01:22,1017,1017,1014.5,1012.06,1023.17,1017,1013.2,1014.82,1017,1014,1017,1012.79,1017.5,1011.82,1014,1014,1014.98,1014,1012.79,1014.82,1014,1014,1014,1014,1013.2,1011.82
2017-11-25 01:02:36,1017,1018,1014.5,1012.06,1023.17,1017,1013.2,1014.82,1017,1014,1017,1012.79,1017.5,1011.82,1014,1014,1014.98,1014,1012.79,1014.82,1014,1014,1014,1014,1013.2,1011.82
2017-11-25 01:03:50,1017,1018,1014.5,1012.06,1023.17,1017,1013.2,1014.82,1018,1014,1018,1012.79,1017.5,1011.82,1013,1013,1014.98,1013,1012.79,1014.82,1013,1014,1013,1013,1013.2,1011.82
2017-11-25 01:05:01,1017,1018,1014.5,1012.06,1023.17,1017,1013.2,1014.82,1017,1014,1017,1012.79,1017.5,1011.82,1014,1014,1014.98,1014,1012.79,1014.82,1014,1014,1014,1014,1013.2,1011.82
2017-11-25 01:06:14,1017,1018,1014.5,1012.06,1023.17,1017,1013.2,1014.82,1017,1014,1017,1012.79,1017.5,1011.82,1014,1014,1014.98,1014,1012.79,1014.82,1014,1014,1014,1014,1013.2,1011.82
2017-11-25 01:07:30,1017,1018,1014.5,1012.06,1023.17,1017,1013.2,1014.82,1017,1014,1017,1012.79,1017.5,1011.82,1014,1014,1014.98,1014,1012.79,1014.82,1013,1014,1013,1013,1013.2,1011.82
2017-11-25 01:08:44,1017,1018,1014.5,1012.06,1023.17,1017,1013.2,1014.82,1018,1014,1018,1012.79,1017.5,1011.82,1013,1013,1014.98,1013,1012.79,1014.82,1013,1014,1013,1013,1013.2,1011.82
2017-11-25 01:10:06,1017,1018,1014.5,1012.06,1023.17,1017,1013.2,1014.82,1018,1014,1018,1012.79,1017.5,1011.82,1013,1013,1014.98,1013,1012.79,1014.82,1013,1014,1013,1013,1013.2,1011.82
2017-11-25 01:11:20,1017,1018,1014.5,1012.06,1023.17,1017,1013.2,1014.82,1018,1014,1018,1012.79,1017.5,1011.82,1013,1013,1014.98,1013,1012.79,1014.82,1013,1014,1013,1013,1013.2,1011.82
2017-11-25 01:12:34,1017,1018,1014.5,1012.06,1023.17,1017,1013.2,1014.82,1018,1014,1018,1012.79,1017.5,1011.82,1013,1013,1014.98,1013,1012.79,1014.82,1013,1014,1013,1013,1013.2,1011.82
2017-11-25 01:13:45,1017,1018,1014.5,1012.06,1023.17,1017,1013.2,1014.82,1018,1014,1018,1012.79,1017.5,1011.82,1013,1013,1014.98,1013,1012.79,1014.82,1013,1014,1013,1013,1013.2,1011.82
2017-11-25 01:14:56,1017,1018,1014.5,1012.06,1023.17,1017,1013.2,1014.82,1018,1014,1018,1012.79,1017.5,1011.82,1013,1013,1014.98,1013,1012.79,1014.82,1013,1014,1013,1013,1013.2,1011.82
2017-11-25 01:16:10,1017,1018,1014.5,1012.06,1023.17,1017,1013.2,1014.82,1018,1014,1018,1012.79,1017.5,1011.82,1013,1013,1014.98,1013,1012.79,1014.82,1013,1014,1013,1013,1013.2,1011.82
2017-11-25 01:17:23,1017,1018,1014.5,1012.06,1023.17,1017,1013.2,1014.82,1018,1014,1018,1012.79,1017.5,1011.82,1013,1013,1014.98,1013,1012.79,1014.82,1013,1014,1013,1013,1013.2,1011.82
2017-11-25 01:18:42,1017,1018,1014.5,1012.06,1023.17,1017,1013.2,1014.82,1018,1014,1018,1012.79,1017.5,1011.82,1013,1013,1014.98,1013,1012.79,1014.82,1013,1014,1013,1013,1013.2,1011.82
2017-11-25 01:19:57,1017,1018,1014.5,1012.06,1023.17,1017,1013.2,1014.82,1018,1014,1018,1012.79,1017.5,1011.82,1013,1013,1014.98,1013,1012.79,1014.82,1013,1014,1013,1013,1013.2,1011.82
2017-11-25 01:21:09,1017,1018,1014.5,1012.06,1023.17,1017,1013.2,1014.82,1018,1014,1018,1012.79,1017.5,1011.82,1013,1013,1014.98,1013,1012.79,1014.82,1013,1014,1013,1013,1013.2,1011.82
2017-11-25 01:22:22,1017,1018,1014.5,1012.06,1023.17,1017,1013.2,1014.82,1018,1014,1018,1012.79,1017.5,1011.82,1013,1013,1014.98,1013,1012.79,1014.82,1013,1014,1013,1013,1013.2,1011.82
2017-11-25 01:23:33,1017,1018,1014.5,1012.06,1023.17,1017,1013.2,1014.82,1018,1014,1018,1012.79,1017.5,1011.82,1013,1013,1014.98,1013,1012.79,1014.82,1013,1014,1013,1013,1013.2,1011.82
2017-11-25 01:24:44,1017,1018,1014.5,1012.06,1023.17,1017,1013.2,1014.82,1018,1014,1018,1012.79,1017.5,1011.82,1013,1013,1014.98,1013,1012.79,1014.82,1013,1014,1013,1013,1013.2,1011.82
2017-11-25 01:25:54,1017,1018,1014.5,1012.06,1023.17,1017,1013.2,1014.82,1018,1014,1018,1012.79,1017.5,1011.82,1013,1013,1014.98,1013,1012.79,1014.82,1013,1014,1013,1013,1013.2,1011.82
2017-11-25 01:27:06,1017,1018,1014.5,1012.06,1023.17,1017,1013.2,1014.82,1018,1014,1018,1012.79,1017.5,1011.82,1013,1013,1014.98,1013,1012.79,1014.82,1013,1014,1013,1013,1013.2,1011.82
2017-11-25 01:28:18,1017,1018,1014.5,1012.06,1023.17,1017,1013.2,1014.82,1018,1014,1018,1012.79,1017.5,1011.82,1013,1013,1014.98,1013,1012.79,1014.82,1013,1014,1013,1013,1013.2,1011.82
2017-11-25 01:29:32,1017,1018,1014.5,1012.06,1023.17,1017,1013.2,1014.82,1018,1014,1018,1012.79,1017.5,1011.82,1013,1013,1014.98,1013,1012.79,1014.82,1013,1014,1013,1013,1013.2,1011.82
2017-11-25 01:30:56,1017,1018,1014.5,1012.06,1023.17,1017,1013.2,1014.82,1018,1014,1018,1012.79,1017.5,1011.82,1013,1013,1014.98,1013,1012.79,1014.82,1013,1014,1013,1013,1013.2,1011.82
2017-11-25 01:32:13,1017,1018,1014.5,1012.06,1024.02,1018,1014.13,1015.91,1018,1014,1018,1013.4,1018.59,1012.51,1014,1014,1015.51,1014,1012.79,1014.82,1013,1014,1013,1013,1013.2,1011.82
2017-11-25 01:33:25,1017,1018,1014.5,1012.06,1024.02,1018,1014.13,1015.91,1018,1014,1018,1013.4,1018.59,1012.51,1014,1014,1015.51,1014,1012.79,1014.82,1013,1014,1013,1013,1013.2,1011.82
2017-11-25 01:34:39,1017,1018,1014.5,1012.06,1024.02,1018,1014.13,1015.91,1018,1014,1018,1013.4,1018.59,1012.51,1014,1014,1015.51,1014,1012.79,1014.82,1013,1014,1013,1013,1013.2,1011.82
2017-11-25 01:35:56,1017,1018,1015.91,1012.75,1024.02,1018,1014.13,1015.91,1018,1014,1018,1013.4,1018.59,1012.51,1014,1014,1015.51,1014,1012.79,1014.82,1013,1014,1013,1013,1013.2,1011.82
2017-11-25 01:37:19,1017,1018,1015.91,1012.75,1024.02,1018,1014.13,1015.91,1018,1014,1018,1013.4,1018.59,1012.51,1014,1014,1015.51,1014,1013.4,1015.91,1014,1014,1014,1014,1014.13,1012.51
2017-11-25 01:38:32,1017,1018,1015.91,1012.75,1024.02,1018,1014.13,1015.91,1018,1014,1018,1013.4,1018.59,1012.51,1014,1014,1015.51,1014,1012.79,1014.82,1013,1014,1013,1013,1013.2,1011.82
2017-11-25 01:39:48,1018,1018,1015.91,1012.75,1024.02,1018,1014.13,1015.91,1018,1014,1018,1013.4,1018.59,1012.51,1014,1014,1015.51,1014,1013.4,1015.91,1014,1014,1014,1014,1014.13,1012.51
2017-11-25 01:41:03,1017,1018,1015.91,1012.75,1024.02,1018,1014.13,1015.91,1018,1014,1018,1013.4,1018.59,1012.51,1014,1014,1015.51,1014,1013.4,1015.91,1014,1014,1014,1014,1014.13,1012.51
2017-11-25 01:42:23,1018,1018,1015.91,1012.75,1024.02,1018,1014.13,1015.91,1018,1014,1018,1013.4,1018.59,1012.51,1014,1014,1015.51,1014,1013.4,1015.91,1014,1014,1014,1014,1014.13,1012.51
2017-11-25 01:43:36,1018,1018,1015.91,1012.75,1024.02,1018,1014.13,1015.91,1018,1014,1018,1013.4,1018.59,1012.51,1014,1014,1015.51,1014,1013.4,1015.91,1014,1014,1014,1014,1014.13,1012.51
2017-11-25 01:44:49,1018,1018,1015.91,1012.75,1024.02,1018,1014.13,1015.91,1018,1014,1018,1013.4,1018.59,1012.51,1014,1014,1015.51,1014,1013.4,1015.91,1014,1014,1014,1014,1014.13,1012.51
2017-11-25 01:45:56,1018,1018,1015.91,1012.75,1024.02,1018,1014.13,1015.91,1018,1014,1018,1013.4,1018.59,1012.51,1014,1014,1015.51,1014,1013.4,1015.91,1014,1014,1014,1014,1014.13,1012.51
2017-11-25 01:47:06,1018,1018,1015.91,1012.75,1024.02,1018,1014.13,1015.91,1018,1014,1018,1013.4,1018.59,1012.51,1014,1014,1015.51,1014,1013.4,1015.91,1014,1014,1014,1014,1014.13,1012.51
2017-11-25 01:48:23,1018,1018,1015.91,1012.75,1024.02,1018,1014.13,1015.91,1018,1014,1018,1013.4,1018.59,1012.51,1014,1014,1015.51,1014,1013.4,1015.91,1014,1014,1014,1014,1014.13,1012.51
2017-11-25 01:49:45,1018,1018,1015.91,1012.75,1024.02,1018,1014.13,1015.91,1018,1014,1018,1013.4,1018.59,1012.51,1014,1014,1015.51,1014,1013.4,1015.91,1014,1014,1014,1014,1014.13,1012.51
2017-11-25 01:50:59,1018,1018,1015.91,1012.75,1024.02,1018,1014.13,1015.91,1018,1014,1018,1013.4,1018.59,1012.51,1014,1014,1015.51,1014,1013.4,1015.91,1014,1014,1014,1014,1014.13,1012.51
2017-11-25 01:52:15,1018,1018,1015.91,1012.75,1024.02,1018,1014.13,1015.91,1018,1014,1018,1013.4,1018.59,1012.51,1014,1014,1015.51,1014,1013.4,1015.91,1014,1014,1014,1014,1014.13,1012.51
2017-11-25 01:53:29,1018,1018,1015.91,1012.75,1024.02,1018,1014.13,1015.91,1018,1014,1018,1013.4,1018.59,1012.51,1014,1014,1015.51,1014,1013.4,1015.91,1014,1014,1014,1014,1014.13,1012.51
2017-11-25 01:54:45,1018,1018,1015.91,1012.75,1024.02,1018,1014.13,1015.91,1018,1014,1018,1013.4,1018.59,1012.51,1014,1014,1015.51,1014,1013.4,1015.91,1014,1014,1014,1014,1014.13,1012.51
2017-11-25 01:56:01,1018,1018,1015.91,1012.75,1024.02,1018,1014.13,1015.91,1018,1014,1018,1013.4,1018.59,1012.51,1014,1014,1015.51,1014,1013.4,1015.91,1014,1014,1014,1014,1014.13,1012.51
2017-11-25 01:57:14,1018,1018,1015.91,1012.75,1024.02,1018,1014.13,1015.91,1018,1014,1018,1013.4,1018.59,1012.51,1014,1014,1015.51,1014,1013.4,1015.91,1014,1014,1014,1014,1014.13,1012.51
2017-11-25 01:58:26,1018,1018,1015.91,1012.75,1024.02,1018,1014.13,1015.91,1018,1014,1018,1013.4,1018.59,1012.51,1014,1014,1015.51,1014,1013.4,1015.91,1014,1014,1014,1014,1014.13,1012.51
2017-11-25 01:59:37,1018,1018,1015.91,1012.75,1024.02,1018,1014.13,1015.91,1018,1014,1018,1013.4,1018.59,1012.51,1014,1014,1015.51,1014,1013.4,1015.91,1014,1014,1014,1014,1014.13,1012.51
2017-11-25 02:00:50,1018,1018,1015.91,1012.75,1024.02,1018,1014.13,1015.91,1018,1014,1018,1013.4,1018.59,1012.51,1014,1014,1015.51,1014,1013.4,1015.91,1014,1014,1014,1014,1014.13,1012.51
2017-11-25 02:02:03,1018,1018,1015.91,1012.75,1024.02,1018,1014.13,1015.91,1018,1014,1018,1013.4,1018.59,1012.51,1014,1014,1015.51,1014,1013.4,1015.91,1014,1014,1014,1014,1014.13,1012.51
2017-11-25 02:03:15,1018,1018,1015.91,1012.75,1024.02,1018,1014.13,1015.91,1018,1014,1018,1013.4,1018.59,1012.51,1014,1014,1015.51,1014,1013.4,1015.91,1014,1014,1014,1014,1014.13,1012.51
2017-11-25 02:04:36,1018,1018,1015.91,1012.75,1024.02,1018,1014.13,1015.91,1018,1014,1018,1013.4,1018.59,1012.51,1014,1014,1015.51,1014,1013.4,1015.91,1014,1014,1014,1014,1014.13,1012.51
2017-11-25 02:05:50,1018,1018,1015.91,1012.75,1024.02,1018,1014.13,1015.91,1018,1014,1018,1013.4,1018.59,1012.51,1014,1014,1015.51,1014,1013.4,1015.91,1014,1014,1014,1014,1014.13,1012.51
2017-11-25 02:07:02,1018,1018,1015.91,1012.75,1024.02,1018,1014.13,1015.91,1018,1014,1018,1013.4,1018.59,1012.51,1014,1014,1015.51,1014,1013.4,1015.91,1014,1014,1014,1014,1014.13,1012.51
2017-11-25 02:08:18,1018,1018,1015.91,1012.75,1024.02,1018,1014.13,1015.91,1018,1014,1018,1013.4,1018.59,1012.51,1014,1014,1015.51,1014,1013.4,1015.91,1014,1014,1014,1014,1014.13,1012.51
2017-11-25 02:09:31,1018,1018,1015.91,1012.75,1024.02,1018,1014.13,1015.91,1018,1014,1018,1013.4,1018.59,1012.51,1014,1014,1015.51,1014,1013.4,1015.91,1014,1014,1014,1014,1014.13,1012.51
2017-11-25 02:10:45,1018,1018,1015.91,1012.75,1024.02,1018,1014.13,1015.91,1018,1014,1018,1013.4,1018.59,1012.51,1014,1014,1015.51,1014,1013.4,1015.91,1014,1014,1014,1014,1014.13,1012.51
2017-11-25 02:11:57,1018,1018,1015.91,1012.75,1024.02,1018,1014.13,1015.91,1018,1014,1018,1013.4,1018.59,1012.51,1014,1014,1015.51,1014,1013.4,1015.91,1014,1014,1014,1014,1014.13,1012.51
2017-11-25 02:13:10,1018,1018,1015.91,1012.75,1024.02,1018,1014.13,1015.91,1018,1014,1018,1013.4,1018.59,1012.51,1014,1014,1015.51,1014,1013.4,1015.91,1014,1014,1014,1014,1014.13,1012.51
2017-11-25 02:14:25,1018,1018,1015.91,1012.75,1024.02,1018,1014.13,1015.91,1018,1014,1018,1013.4,1018.59,1012.51,1014,1014,1015.51,1014,1013.4,1015.91,1014,1014,1014,1014,1014.13,1012.51
2017-11-25 02:15:38,1018,1018,1015.91,1012.75,1024.02,1018,1014.13,1015.91,1018,1014,1018,1013.4,1018.59,1012.51,1014,1014,1015.51,1014,1013.4,1015.91,1014,1014,1014,1014,1014.13,1012.51
2017-11-25 02:16:48,1018,1018,1015.91,1012.75,1024.02,1018,1014.13,1015.91,1018,1014,1018,1013.4,1018.59,1012.51,1014,1014,1015.51,1014,1013.4,1015.91,1014,1014,1014,1014,1014.13,1012.51
2017-11-25 02:18:00,1018,1018,1015.91,1012.75,1024.02,1018,1014.13,1015.91,1018,1014,1018,1013.4,1018.59,1012.51,1014,1014,1015.51,1014,1013.4,1015.91,1014,1014,1014,1014,1014.13,1012.51
2017-11-25 02:19:12,1018,1018,1015.91,1012.75,1024.02,1018,1014.13,1015.91,1018,1014,1018,1013.4,1018.59,1012.51,1014,1014,1015.51,1014,1013.4,1015.91,1014,1014,1014,1014,1014.13,1012.51
2017-11-25 02:20:25,1018,1018,1015.91,1012.75,1024.02,1018,1014.13,1015.91,1018,1014,1018,1013.4,1018.59,1012.51,1014,1014,1015.51,1014,1013.4,1015.91,1014,1014,1014,1014,1014.13,1012.51
2017-11-25 02:21:52,1018,1018,1015.91,1012.75,1024.02,1018,1014.13,1015.91,1018,1014,1018,1013.4,1018.59,1012.51,1014,1014,1015.51,1014,1013.4,1015.91,1014,1014,1014,1014,1014.13,1012.51
2017-11-25 02:23:04,1018,1018,1015.91,1012.75,1024.02,1018,1014.13,1015.91,1018,1014,1018,1013.4,1018.59,1012.51,1014,1014,1015.51,1014,1013.4,1015.91,1014,1014,1014,1014,1014.13,1012.51
2017-11-25 02:24:17,1018,1018,1015.91,1012.75,1024.02,1018,1014.13,1015.91,1018,1014,1018,1013.4,1018.59,1012.51,1014,1014,1015.51,1014,1013.4,1015.91,1014,1014,1014,1014,1014.13,1012.51
2017-11-25 02:25:31,1018,1018,1015.91,1012.75,1024.02,1018,1014.13,1015.91,1018,1014,1018,1013.4,1018.59,1012.51,1014,1014,1015.51,1014,1013.4,1015.91,1014,1014,1014,1014,1014.13,1012.51
2017-11-25 02:26:43,1018,1018,1015.91,1012.75,1024.02,1018,1014.13,1015.91,1018,1014,1018,1013.4,1018.59,1012.51,1014,1014,1015.51,1014,1013.4,1015.91,1014,1014,1014,1014,1014.13,1012.51
2017-11-25 02:27:56,1018,1018,1015.91,1012.75,1024.02,1018,1014.13,1015.91,1018,1014,1018,1013.4,1018.59,1012.51,1014,1014,1015.51,1014,1013.4,1015.91,1014,1014,1014,1014,1014.13,1012.51
2017-11-25 02:29:11,1018,1018,1015.91,1012.75,1024.02,1018,1014.13,1015.91,1018,1014,1018,1013.4,1018.59,1012.51,1014,1014,1015.51,1014,1013.4,1015.91,1014,1014,1014,1014,1014.13,1012.51
2017-11-25 03:09:54,1018,1018,1015.91,1012.75,1024.02,1018,1014.13,1015.91,1018,1014,1018,1013.4,1018.59,1012.51,1014,1014,1015.51,1014,1013.4,1015.91,1014,1014,1014,1014,1014.13,1012.51
2017-11-25 03:12:59,1018,1018,1015.91,1012.75,1024.02,1018,1014.13,1015.91,1018,1014,1018,1013.4,1018.59,1012.51,1014,1014,1015.51,1014,1013.4,1015.91,1014,1014,1014,1014,1014.13,1012.51
2017-11-25 04:13:13,1018,1019,1015.91,1012.75,1024.02,1018,1014.13,1015.91,1019,1015,1019,1013.4,1018.59,1012.51,1014,1014,1015.51,1014,1013.4,1015.91,1014,1015,1014,1014,1014.13,1012.51
2017-11-25 05:13:29,1018,1019,1016.61,1013.94,1024.96,1018,1015.32,1016.94,1019,1015,1019,1014.43,1019.61,1013.78,1015,1015,1016.86,1015,1014.43,1016.94,1015,1015,1015,1015,1015.32,1013.78
2017-11-25 06:13:58,1019,1019,1016.61,1013.94,1024.96,1019,1015.32,1016.94,1019,1015,1019,1014.43,1019.61,1013.78,1015,1015,1016.86,1015,1014.43,1016.94,1015,1015,1015,1015,1015.32,1013.78
2017-11-25 07:14:24,1020,1020,1016.61,1013.94,1024.96,1020,1017,1017,1020,1016,1020,1014.43,1017,1013.78,1016,1016,1016.86,1016,1014.43,1017,1016,1016,1016,1016,1015.32,1013.78
2017-11-25 08:14:49,1020,1020,1018.92,1016.17,1027.44,1020,1017,1017,1020,1016,1020,1016.82,1017,1015.92,1016,1016,1019.25,1016,1016.82,1017,1016,1016,1016,1016,1017.47,1015.92
2017-11-25 09:17:34,1020,1021,1018.92,1016.17,1027.44,1020,1017,1017,1021,1017,1021,1016.82,1017,1015.92,1017,1017,1019.25,1017,1016.82,1017,1017,1017,1017,1017,1017.47,1015.92
2017-11-25 10:17:53,1022,1021,1018.92,1016.17,1027.44,1022,1019,1019,1021,1018,1021,1016.82,1019,1015.92,1018,1018,1019.25,1018,1016.82,1019,1018,1018,1018,1018,1017.47,1015.92
2017-11-25 11:18:08,1022,1022,1020.23,1017.48,1028.58,1022,1019,1019,1022,1018,1022,1018.04,1019,1017.07,1018,1018,1020.23,1018,1018.04,1019,1018,1018,1018,1018,1018.45,1017.07
2017-11-25 12:27:00,1023,1023,1020.23,1017.48,1028.58,1023,1020,1020,1023,1019,1023,1018.04,1020,1017.07,1018,1018,1020.23,1018,1018.04,1020,1018,1019,1018,1018,1018.45,1017.07
2017-11-25 18:48:06,1025,1025,1022.52,1019.85,1030.71,1025,1022,1022,1025,1021,1025,1020.49,1022,1019.36,1021,1021,1022.6,1021,1020.49,1022,1021,1021,1021,1021,1020.74,1019.36
2017-11-25 19:48:10,1026,1025,1023.56,1020.81,1031.67,1026,1022,1022,1025,1022,1025,1021.54,1022,1020.32,1022,1021,1023.73,1022,1021.54,1022,1021,1022,1021,1022,1021.94,1020.32
2017-11-25 20:56:00,1026,1026,1023.56,1020.81,1031.67,1026,1023,1023,1026,1022,1026,1021.54,1023,1020.32,1022,1022,1023.73,1022,1021.54,1023,1022,1022,1022,1022,1021.94,1020.32
2017-11-25 23:53:54,1027,1027,1024.45,1021.53,1032.47,1027,1022.66,1024.61,1027,1024,1027,1022.42,1027.36,1021.29,1024,1023,1024.61,1024,1022.42,1024.61,1023,1024,1023,1024,1022.66,1021.29
2017-11-26 00:54:16,1028,1027,1024.45,1021.53,1032.47,1028,1022.66,1024.61,1027,1024,1027,1022.42,1027.36,1021.29,1024,1023,1024.61,1024,1022.42,1024.61,1023,1024,1023,1024,1022.66,1021.29
2017-11-26 01:54:31,1028,1027,1024.55,1021.71,1032.17,1028,1022.85,1024.55,1027,1024,1027,1022.52,1027.22,1021.39,1024,1023,1024.71,1024,1022.52,1024.55,1023,1024,1023,1024,1022.85,1021.39
2017-11-26 02:54:51,1028,1027,1024.55,1021.71,1032.17,1028,1022.85,1024.55,1027,1024,1027,1022.52,1027.22,1021.39,1024,1024,1024.71,1024,1022.52,1024.55,1024,1024,1024,1024,1022.85,1021.39
2017-11-26 03:24:05,1027,1027,1024.55,1021.71,1032.17,1027,1022.85,1024.55,1027,1024,1027,1022.52,1027.22,1021.39,1024,1024,1024.71,1024,1022.52,1024.55,1024,1024,1024,1024,1022.85,1021.39
2017-11-26 03:55:16,1028,1027,1024.55,1021.71,1032.17,1028,1022.85,1024.55,1027,1024,1027,1022.52,1027.22,1021.39,1024,1024,1024.71,1024,1022.52,1024.55,1024,1024,1024,1024,1022.85,1021.39
2017-11-26 04:55:30,1027,1027,1024.51,1021.83,1031.88,1027,1022.97,1024.59,1027,1024,1027,1022.89,1027.02,1021.67,1024,1024,1024.99,1024,1022.89,1024.59,1024,1024,1024,1024,1022.97,1021.67
2017-11-26 05:55:43,1027,1027,1024.51,1021.83,1031.88,1027,1022.97,1024.59,1027,1024,1027,1022.89,1027.02,1021.67,1024,1024,1024.99,1024,1022.89,1024.59,1024,1024,1024,1024,1022.97,1021.67
2017-11-26 06:55:55,1027,1027,1024.51,1021.83,1031.88,1027,1022.97,1024.59,1027,1024,1027,1022.89,1027.02,1021.67,1024,1024,1024.99,1024,1022.89,1024.59,1024,1024,1024,1024,1022.97,1021.67
2017-11-26 07:56:16,1027,1027,1024.75,1021.91,1032.05,1027,1024,1024,1027,1025,1027,1023.13,1024,1022.24,1025,1025,1025.24,1025,1023.13,1024,1025,1025,1025,1025,1023.37,1022.24
2017-11-26 08:56:29,1028,1027,1025.22,1022.87,1033,1028,1024,1024,1027,1025,1027,1024,1024,1022.95,1025,1025,1026.11,1025,1024,1024,1025,1025,1025,1025,1024.08,1022.95
2017-11-26 09:57:01,1028,1027,1025.22,1022.87,1033,1028,1024,1024,1027,1025,1027,1024,1024,1022.95,1025,1025,1026.11,1025,1024,1024,1025,1025,1025,1025,1024.08,1022.95
2017-11-26 10:57:20,1028,1027,1024.07,1022.13,1031.93,1028,1024,1024,1027,1025,1027,1023.59,1024,1022.37,1025,1025,1025.53,1025,1023.59,1024,1025,1025,1025,1025,1023.26,1022.37
2017-11-26 11:57:46,1028,1027,1024.07,1022.13,1031.93,1028,1023,1023,1027,1025,1027,1023.59,1023,1022.37,1025,1025,1025.53,1025,1023.59,1023,1025,1025,1025,1025,1023.26,1022.37
2017-11-26 12:58:01,1027,1026,1024.07,1022.13,1031.93,1027,1023,1023,1026,1024,1026,1023.59,1023,1022.37,1024,1024,1025.53,1024,1023.59,1023,1024,1024,1024,1024,1023.26,1022.37
2017-11-26 13:58:22,1027,1025,1021.02,1019.64,1030.02,1027,1021,1021,1025,1024,1025,1021.18,1021,1019.89,1024,1024,1023.21,1024,1021.18,1021,1024,1024,1024,1024,1020.54,1019.89
2017-11-26 15:08:54,1026,1024,1021.02,1019.64,1030.02,1026,1020,1020,1024,1023,1024,1021.18,1020,1019.89,1022,1022,1023.21,1022,1021.18,1020,1022,1023,1022,1022,1020.54,1019.89
2017-11-26 16:09:07,1025,1023,1021.02,1019.64,1030.02,1025,1019,1019,1023,1022,1023,1021.18,1019,1019.89,1022,1022,1023.21,1022,1021.18,1019,1022,1022,1022,1022,1020.54,1019.89
2017-11-26 17:09:37,1024,1022,1017.95,1017.71,1029.14,1024,1018,1018,1022,1021,1022,1019.09,1018,1016.98,1021,1021,1020.63,1021,1019.09,1018,1021,1021,1021,1021,1017.47,1016.98
2017-11-26 18:09:58,1024,1022,1017.95,1017.71,1029.14,1024,1017,1017,1022,1020,1022,1019.09,1017,1016.98,1020,1020,1020.63,1020,1019.09,1017,1020,1020,1020,1020,1017.47,1016.98
2017-11-27 00:00:20,1020,1019,1017.15,1014.88,1026.15,1020,1015.94,1017.56,1019,1014,1019,1015.94,1019.99,1014.8,1014,1014,1018.04,1014,1015.94,1017.56,1014,1014,1014,1014,1015.94,1014.8
2017-11-27 01:00:35,1019,1018,1017.15,1014.88,1026.15,1019,1015.94,1017.56,1018,1014,1018,1015.94,1019.99,1014.8,1014,1014,1018.04,1014,1015.94,1017.56,1014,1014,1014,1014,1015.94,1014.8
2017-11-27 02:00:51,1018,1018,1016.02,1014.07,1025.01,1018,1014.96,1016.5,1018,1014,1018,1015.12,1018.93,1013.75,1014,1014,1016.91,1014,1015.12,1016.5,1014,1014,1014,1014,1014.96,1013.75
2017-11-27 03:01:20,1019,1018,1016.02,1014.07,1025.01,1019,1014.96,1016.5,1018,1014,1018,1015.12,1018.93,1013.75,1014,1014,1016.91,1014,1015.12,1016.5,1014,1014,1014,1014,1014.96,1013.75
2017-11-27 04:01:36,1019,1018,1016.02,1014.07,1025.01,1019,1014.96,1016.5,1018,1014,1018,1015.12,1018.93,1013.75,1014,1014,1016.91,1014,1015.12,1016.5,1014,1014,1014,1014,1014.96,1013.75
2017-11-27 05:02:00,1019,1018,1014.34,1012.8,1024.07,1019,1013.37,1014.99,1018,1014,1018,1013.7,1017.51,1011.91,1014,1014,1015.48,1014,1013.7,1014.99,1014,1014,1014,1014,1013.37,1011.91
2017-11-27 06:02:23,1018,1017,1014.34,1012.8,1024.07,1018,1014,1014,1017,1014,1017,1013.7,1014,1011.91,1014,1013,1015.48,1014,1013.7,1014,1013,1014,1013,1014,1013.37,1011.91
2017-11-27 07:02:38,1018,1017,1014.34,1012.8,1024.07,1018,1013,1013,1017,1013,1017,1013.7,1013,1011.91,1013,1013,1015.48,1013,1013.7,1013,1013,1013,1013,1013,1013.37,1011.91
2017-11-27 08:02:57,1017,1017,1013.62,1011.84,1023.35,1017,1013,1013,1017,1013,1017,1012.74,1013,1011.2,1013,1013,1014.68,1013,1012.74,1013,1013,1013,1013,1013,1012.49,1011.2
2017-11-27 12:26:05,1017,1016,1012.5,1010.87,1022.63,1017,1013,1013,1016,1012,1016,1011.6,1013,1009.98,1012,1012,1013.39,1012,1011.6,1013,1012,1012,1012,1012,1011.36,1009.98
2017-11-27 13:26:10,1017,1016,1012.5,1010.87,1022.63,1017,1012,1012,1016,1012,1016,1011.6,1012,1009.98,1012,1012,1013.39,1012,1011.6,1012,1012,1012,1012,1012,1011.36,1009.98
2017-11-27 14:26:25,1016,1015,1012.71,1009.87,1021.31,1016,1012,1012,1015,1011,1015,1010.52,1012,1008.9,1011,1011,1012.46,1011,1010.52,1012,1011,1011,1011,1011,1010.68,1008.9
2017-11-28 00:49:25,1016,1016,1017.75,1012.4,1022.69,1016,1015.07,1016.94,1016,1012,1016,1012.81,1019.78,1013.45,1012,1012,1015.72,1012,1012.81,1016.94,1012,1012,1012,1012,1015.07,1013.45
2017-11-28 01:49:43,1016,1016,1018.05,1012.79,1022.75,1016,1015.46,1017.49,1016,1013,1016,1013.27,1020.4,1013.76,1013,1012,1016.19,1013,1013.27,1017.49,1012,1013,1012,1013,1015.46,1013.76
2017-11-28 02:49:59,1016,1017,1018.05,1012.79,1022.75,1016,1015.46,1017.49,1017,1013,1017,1013.27,1020.4,1013.76,1013,1012,1016.19,1013,1013.27,1017.49,1012,1013,1012,1013,1015.46,1013.76
2017-11-28 03:50:18,1016,1017,1018.05,1012.79,1022.75,1016,1015.46,1017.49,1017,1013,1017,1013.27,1020.4,1013.76,1013,1012,1016.19,1013,1013.27,1017.49,1012,1013,1012,1013,1015.46,1013.76
2017-11-28 04:50:33,1016,1017,1018.76,1013.17,1023.22,1016,1016.09,1018.11,1017,1013,1017,1013.57,1020.95,1014.47,1013,1013,1016.57,1013,1013.57,1018.11,1013,1013,1013,1013,1016.09,1014.47
2017-11-28 05:50:47,1016,1017,1018.76,1013.17,1023.22,1016,1016.09,1018.11,1017,1013,1017,1013.57,1020.95,1014.47,1013,1013,1016.57,1013,1013.57,1018.11,1013,1013,1013,1013,1016.09,1014.47
2017-11-28 06:51:09,1016,1017,1018.76,1013.17,1023.22,1016,1016,1016,1017,1013,1017,1013.57,1016,1014.47,1013,1013,1016.57,1013,1013.57,1016,1013,1013,1013,1013,1016.09,1014.47
2017-11-28 07:51:29,1017,1018,1020.09,1014.01,1024.14,1017,1016,1016,1018,1013,1018,1014.33,1016,1015.47,1013,1013,1017.5,1013,1014.33,1016,1013,1013,1013,1013,1017.17,1015.47
2017-11-28 08:51:45,1017,1018,1019.28,1013.04,1023.74,1017,1016,1016,1018,1014,1018,1013.28,1016,1014.58,1014,1013,1016.52,1014,1013.28,1016,1013,1014,1013,1014,1016.36,1014.58
2017-11-28 09:51:57,1017,1018,1019.28,1013.04,1023.74,1017,1017,1017,1018,1014,1018,1013.28,1017,1014.58,1014,1013,1016.52,1014,1013.28,1017,1013,1014,1013,1014,1016.36,1014.58
2017-11-28 10:52:11,1017,1018,1019.97,1013.32,1023.45,1017,1017,1017,1018,1014,1018,1013.73,1017,1015.1,1014,1014,1017.05,1014,1013.73,1017,1014,1014,1014,1014,1016.89,1015.1
2017-11-28 11:52:29,1018,1019,1019.97,1013.32,1023.45,1018,1017,1017,1019,1014,1019,1013.73,1017,1015.1,1014,1014,1017.05,1014,1013.73,1017,1014,1014,1014,1014,1016.89,1015.1
2017-11-28 12:52:43,1017,1018,1019.97,1013.32,1023.45,1017,1017,1017,1018,1014,1018,1013.73,1017,1015.1,1014,1014,1017.05,1014,1013.73,1017,1014,1014,1014,1014,1016.89,1015.1
2017-11-28 13:53:01,1017,1018,1019.59,1012.87,1022.84,1017,1018,1018,1018,1014,1018,1013.35,1018,1014.73,1014,1014,1016.76,1014,1013.35,1018,1014,1014,1014,1014,1016.51,1014.73
2017-11-28 14:53:14,1016,1018,1019.59,1012.87,1022.84,1016,1017,1017,1018,1014,1018,1013.35,1017,1014.73,1014,1014,1016.76,1014,1013.35,1017,1014,1014,1014,1014,1016.51,1014.73
2017-11-28 15:53:25,1016,1018,1019.59,1012.87,1022.84,1016,1017,1017,1018,1014,1018,1013.35,1017,1014.73,1014,1014,1016.76,1014,1013.35,1017,1014,1014,1014,1014,1016.51,1014.73
2017-11-28 16:53:36,1017,1018,1020.64,1013.67,1023.64,1017,1017,1017,1018,1015,1018,1013.99,1017,1015.69,1015,1014,1017.56,1015,1013.99,1017,1014,1015,1014,1015,1017.48,1015.69
2017-11-28 17:53:49,1017,1018,1020.64,1013.67,1023.64,1017,1018,1018,1018,1015,1018,1013.99,1018,1015.69,1015,1014,1017.56,1015,1013.99,1018,1014,1015,1014,1015,1017.48,1015.69
2017-11-28 18:54:09,1017,1019,1020.64,1013.67,1023.64,1017,1018,1018,1019,1015,1019,1013.99,1018,1015.69,1015,1014,1017.56,1015,1013.99,1018,1014,1015,1014,1015,1017.48,1015.69
2017-11-28 19:20:45,1017,1019,1020.64,1013.67,1023.64,1017,1018,1018,1019,1015,1019,1013.99,1018,1015.69,1014,1014,1017.56,1014,1013.99,1018,1014,1015,1014,1014,1017.48,1015.69
2017-11-28 20:21:05,1017,1019,1021.74,1014.28,1024.01,1017,1018,1018,1019,1015,1019,1014.53,1018,1016.72,1015,1015,1018.26,1015,1014.53,1018,1015,1015,1015,1015,1018.5,1016.72
2017-11-28 21:21:18,1018,1019,1021.74,1014.28,1024.01,1018,1018.5,1020.36,1019,1015,1019,1014.53,1023.12,1016.72,1015,1015,1018.26,1015,1014.53,1020.36,1015,1015,1015,1015,1018.5,1016.72
2017-11-28 22:22:22,1017,1019,1021.74,1014.28,1024.01,1017,1018.5,1020.36,1019,1016,1019,1014.53,1023.12,1016.72,1016,1015,1018.26,1016,1014.53,1020.36,1015,1016,1015,1016,1018.5,1016.72
2017-11-28 23:22:37,1017.85,1024.33,1022.55,1015.18,1024.42,1016.47,1019.39,1021.25,1017.61,1012.91,1026.85,1015.58,1023.93,1017.61,1012.91,1019.23,1019.23,1023.28,1015.58,1021.25,1025.23,1019.23,1018.98,1012.91,1019.39,1017.61
2017-11-29 00:22:52,1018,1020,1022.55,1015.18,1024.42,1018,1019.39,1021.25,1020,1017,1020,1015.58,1023.93,1017.61,1017,1016,1019.23,1017,1015.58,1021.25,1016,1017,1016,1017,1019.39,1017.61
2017-11-29 01:23:09,1018,1020,1022.55,1015.18,1024.42,1018,1019.39,1021.25,1020,1017,1020,1015.58,1023.93,1017.61,1016,1016,1019.23,1016,1015.58,1021.25,1016,1017,1016,1016,1019.39,1017.61
